{
  "count": 2,
  "mean_ms": 668.9770169996336,
  "median_ms": 668.9770169996336,
  "p95_ms": 704.8295429998689
}