{
  "count": 20,
  "mean_ms": 593.0966485000681,
  "median_ms": 590.0995860001785,
  "p95_ms": 656.9158068499746
}