{
  "count": 2,
  "mean_ms": 6.079474999978629,
  "median_ms": 6.079474999978629,
  "p95_ms": 6.471436699735023
}