{
  "count": 20,
  "mean_ms": 492.24101759987207,
  "median_ms": 430.02152700000806,
  "p95_ms": 713.1194032997428
}