{
  "count": 2,
  "mean_ms": 5.64388649945613,
  "median_ms": 5.64388649945613,
  "p95_ms": 5.941811249977036
}