{
  "count": 2,
  "mean_ms": 6.929550500899495,
  "median_ms": 6.929550500899495,
  "p95_ms": 7.195580151073955
}