{
  "count": 2,
  "mean_ms": 704.8988735004968,
  "median_ms": 704.8988735004968,
  "p95_ms": 727.8526314504234
}