run,ms
0,0.050500
1,0.064100
2,0.018800
3,0.013400
4,0.015000
