{
  "count": 20,
  "mean_ms": 603.1393226000546,
  "median_ms": 592.9164535000382,
  "p95_ms": 711.9945541495781
}