{
  "time_ms": {
    "mean": 903.9869570005976,
    "median": 903.9869570005976,
    "p95": 976.2129623009969
  },
  "num_images": 2,
  "total_boxes": 69
}