{
  "time_ms": {
    "mean": 614.9035588500283,
    "median": 606.0838994999358,
    "p95": 722.6464041992131
  },
  "num_images": 20,
  "total_boxes": 1046
}