{
  "time_ms": {
    "mean": 652.4506288499651,
    "median": 624.1836144999979,
    "p95": 793.400145350006
  },
  "num_images": 20,
  "total_boxes": 1046
}