{
  "count": 2,
  "mean_ms": 6.231179500900907,
  "median_ms": 6.231179500900907,
  "p95_ms": 6.251468650589231
}