{
  "count": 2,
  "mean_ms": 430.0258429993846,
  "median_ms": 430.0258429993846,
  "p95_ms": 447.3509086993545
}