{
  "count": 2,
  "mean_ms": 2.5571900000613823,
  "median_ms": 2.5571900000613823,
  "p95_ms": 2.7821990000120422
}