{
  "time_ms": {
    "mean": 1753.1458320008824,
    "median": 1753.1458320008824,
    "p95": 2086.392270900433
  },
  "num_images": 2,
  "total_boxes": 69
}