{
  "count": 2,
  "mean_ms": 6.560396000168112,
  "median_ms": 6.560396000168112,
  "p95_ms": 6.637343299644272
}