{
  "count": 2,
  "mean_ms": 5.032566499949098,
  "median_ms": 5.032566499949098,
  "p95_ms": 5.17891595011406
}