{
  "count": 2,
  "mean_ms": 7.3252069998943625,
  "median_ms": 7.3252069998943625,
  "p95_ms": 7.600669999760612
}