{
  "time_ms": {
    "mean": 944.7961554997164,
    "median": 944.7961554997164,
    "p95": 1012.1661869507079
  },
  "num_images": 2,
  "total_boxes": 69
}