run,ms
0,0.044000
1,0.047500
2,0.019400
3,0.015500
4,0.006800
