{
  "count": 2,
  "mean_ms": 12.761510499331052,
  "median_ms": 12.761510499331052,
  "p95_ms": 13.514684050096548
}