{
  "time_ms": {
    "mean": 469.863933500028,
    "median": 433.80527099952815,
    "p95": 540.3113446000139
  },
  "num_images": 20,
  "total_boxes": 1043
}